Workbook

Sheet Resumo
A1: Raio-X da Luta — Reajuste × inflação por mandato (1995–2026)
A2: Atualizado em 14/10/2026. Base 1995. Reajuste do salário-base × INPC, em duas comparações (calendário e janela ago–jul).
A4: Mandato | B4: Período | C4: Real — calendário | D4: Real — janela ago–jul | E4: Leitura (janela)
A5: =Mandatos!A7 -> FHC 1 | B5: =Mandatos!B7 -> 1995–1998 | C5: =Mandatos!F7 -> -0.14865029 | D5: =Mandatos!H7 -> -0.23778852 | E5: =Mandatos!I7 -> Perda real
A6: =Mandatos!A8 -> FHC 2 | B6: =Mandatos!B8 -> 1999–2002 | C6: =Mandatos!F8 -> -0.19199285 | D6: =Mandatos!H8 -> -0.10976472 | E6: =Mandatos!I8 -> Perda real
A7: =Mandatos!A9 -> Lula 1 | B7: =Mandatos!B9 -> 2003–2006 | C7: =Mandatos!F9 -> -0.04193794 | D7: =Mandatos!H9 -> -0.11234149 | E7: =Mandatos!I9 -> Perda real
A8: =Mandatos!A10 -> Lula 2 | B8: =Mandatos!B10 -> 2007–2010 | C8: =Mandatos!F10 -> -0.021788044 | D8: =Mandatos!H10 -> -0.0079858439 | E8: =Mandatos!I10 -> Perda real
A9: =Mandatos!A11 -> Dilma 1 | B9: =Mandatos!B11 -> 2011–2014 | C9: =Mandatos!F11 -> 0.036286401 | D9: =Mandatos!H11 -> 0.027899171 | E9: =Mandatos!I11 -> Ganho real
A10: =Mandatos!A12 -> Dilma 2/Temer | B10: =Mandatos!B12 -> 2015–2018 | C10: =Mandatos!F12 -> -0.079337653 | D10: =Mandatos!H12 -> -0.0940078 | E10: =Mandatos!I12 -> Perda real
A11: =Mandatos!A13 -> Bolsonaro | B11: =Mandatos!B13 -> 2019–2022 | C11: =Mandatos!F13 -> -0.0065941315 | D11: =Mandatos!H13 -> -0.0034452953 | E11: =Mandatos!I13 -> Neutro
A12: =Mandatos!A14 -> Lula 3 | B12: =Mandatos!B14 -> 2023–2026 | C12: =Mandatos!F14 -> 0.003160583 | D12: =Mandatos!H14 -> -0.00093068187 | E12: =Mandatos!I14 -> Neutro
A15: O que mudou | B15: Na comparação ago–jul (a que os ACTs usam), só Dilma 1 tem ganho real. Lula 3 fica em torno de zero (até set/2026); Lula 1 e FHC 1 têm as maiores perdas.
A16: Por que importa | B16: Comparar o reajuste com o INPC do ano-calendário melhora artificialmente alguns mandatos (ex.: Lula 1 passa de −11,2% para −4,2%).
A17: IPCA | B17: Corrigir 2025 (5,10% → 4,26%) e 2026 (4,09% → 3,95% parcial). Aba IPCA: poder de compra de 2025 sobe de 61,36 para 61,86.
A18: Limitações | B18: Salário-base apenas (sem abonos); datas-base antigas não verificadas; fonte mensal secundária. Ver aba Validacao_Notas.
A19: Textos acima | B19: Valem para o reajuste de 2023 = 3,18% (Mandatos!B3). Com 3,53% o resultado do Lula 3 muda.
A21: Abas: Mandatos (cálculo) · Dados_anuais · INPC_mensal · IPCA · Validacao_Notas.

Sheet Mandatos
A1: Ganho/perda real por mandato (composto)
A2: Real = (1 + reajuste composto) / (1 + INPC composto) − 1. Duas bases de comparação: ano-calendário e janela ago–jul.
A3: Reajuste de 2023 usado | B3: 0.0318 | C3: ← altere para 3,53% para ver o efeito no Lula 3
A4: Limite de neutralidade (±) | B4: 0.005
A6: Mandato | B6: Período | C6: Anos | D6: INPC calendário (composto) | E6: Reajuste (composto) | F6: Real — calendário | G6: INPC janela ago–jul (composto) | H6: Real — janela ago–jul | I6: Leitura (janela) | J6: Observação
A7: FHC 1 | B7: 1995–1998 | C7: =COUNT(Dados_anuais!A2:A5) -> 4 | D7: =PRODUCT(Dados_anuais!K2:K5)-1 -> 0.4233368 | E7: =PRODUCT(Dados_anuais!J2:J5)-1 -> 0.21175737 | F7: =(1+E7)/(1+D7)-1 -> -0.14865029 | G7: =PRODUCT(Dados_anuais!L2:L5)-1 -> 0.58979155 | H7: =(1+E7)/(1+G7)-1 -> -0.23778852 | I7: =IF(H7>$B$4,"Ganho real",IF(H7<-$B$4,"Perda real","Neutro")) -> Perda real | J7: Sem abonos na conta (ex.: 60% do salário-base em 1998).
A8: FHC 2 | B8: 1999–2002 | C8: =COUNT(Dados_anuais!A6:A9) -> 4 | D8: =PRODUCT(Dados_anuais!K6:K9)-1 -> 0.43338018 | E8: =PRODUCT(Dados_anuais!J6:J9)-1 -> 0.15818144 | F8: =(1+E8)/(1+D8)-1 -> -0.19199285 | G8: =PRODUCT(Dados_anuais!L6:L9)-1 -> 0.30098353 | H8: =(1+E8)/(1+G8)-1 -> -0.10976472 | I8: =IF(H8>$B$4,"Ganho real",IF(H8<-$B$4,"Perda real","Neutro")) -> Perda real | J8: Abonos de 1999–2002 (50%, 70%, R$ 1.000) fora da conta.
A9: Lula 1 | B9: 2003–2006 | C9: =COUNT(Dados_anuais!A10:A13) -> 4 | D9: =PRODUCT(Dados_anuais!K10:K13)-1 -> 0.26529543 | E9: =PRODUCT(Dados_anuais!J10:J13)-1 -> 0.21223155 | F9: =(1+E9)/(1+D9)-1 -> -0.04193794 | G9: =PRODUCT(Dados_anuais!L10:L13)-1 -> 0.3656508 | H9: =(1+E9)/(1+G9)-1 -> -0.11234149 | I9: =IF(H9>$B$4,"Ganho real",IF(H9<-$B$4,"Perda real","Neutro")) -> Perda real
A10: Lula 2 | B10: 2007–2010 | C10: =COUNT(Dados_anuais!A14:A17) -> 4 | D10: =PRODUCT(Dados_anuais!K14:K17)-1 -> 0.24114559 | E10: =PRODUCT(Dados_anuais!J14:J17)-1 -> 0.21410345 | F10: =(1+E10)/(1+D10)-1 -> -0.021788044 | G10: =PRODUCT(Dados_anuais!L14:L17)-1 -> 0.22387715 | H10: =(1+E10)/(1+G10)-1 -> -0.0079858439 | I10: =IF(H10>$B$4,"Ganho real",IF(H10<-$B$4,"Perda real","Neutro")) -> Perda real
A11: Dilma 1 | B11: 2011–2014 | C11: =COUNT(Dados_anuais!A18:A21) -> 4 | D11: =PRODUCT(Dados_anuais!K18:K21)-1 -> 0.26327814 | E11: =PRODUCT(Dados_anuais!J18:J21)-1 -> 0.30911796 | F11: =(1+E11)/(1+D11)-1 -> 0.036286401 | G11: =PRODUCT(Dados_anuais!L18:L21)-1 -> 0.27358597 | H11: =(1+E11)/(1+G11)-1 -> 0.027899171 | I11: =IF(H11>$B$4,"Ganho real",IF(H11<-$B$4,"Perda real","Neutro")) -> Ganho real | J11: Único mandato com ganho real nas duas bases.
A12: Dilma 2/Temer | B12: 2015–2018 | C12: =COUNT(Dados_anuais!A22:A25) -> 4 | D12: =PRODUCT(Dados_anuais!K22:K25)-1 -> 0.2520622 | E12: =PRODUCT(Dados_anuais!J22:J25)-1 -> 0.15272652 | F12: =(1+E12)/(1+D12)-1 -> -0.079337653 | G12: =PRODUCT(Dados_anuais!L22:L25)-1 -> 0.27233604 | H12: =(1+E12)/(1+G12)-1 -> -0.0940078 | I12: =IF(H12>$B$4,"Ganho real",IF(H12<-$B$4,"Perda real","Neutro")) -> Perda real | J12: Mistura dois governos (2015–2016 Dilma; 2016–2018 Temer). O site atual separa Temer.
A13: Bolsonaro | B13: 2019–2022 | C13: =COUNT(Dados_anuais!A26:A29) -> 4 | D13: =PRODUCT(Dados_anuais!K26:K29)-1 -> 0.28566729 | E13: =PRODUCT(Dados_anuais!J26:J29)-1 -> 0.27718943 | F13: =(1+E13)/(1+D13)-1 -> -0.0065941315 | G13: =PRODUCT(Dados_anuais!L26:L29)-1 -> 0.28160494 | H13: =(1+E13)/(1+G13)-1 -> -0.0034452953 | I13: =IF(H13>$B$4,"Ganho real",IF(H13<-$B$4,"Perda real","Neutro")) -> Neutro | J13: Números, sem interpretação sobre causas (ex.: pandemia).
A14: Lula 3 | B14: 2023–2026 | C14: =COUNT(Dados_anuais!A30:A33) -> 4 | D14: =PRODUCT(Dados_anuais!K30:K33)-1 -> 0.1741653 | E14: =PRODUCT(Dados_anuais!J30:J33)-1 -> 0.17787635 | F14: =(1+E14)/(1+D14)-1 -> 0.003160583 | G14: =PRODUCT(Dados_anuais!L30:L33)-1 -> 0.1789736 | H14: =(1+E14)/(1+G14)-1 -> -0.00093068187 | I14: =IF(H14>$B$4,"Ganho real",IF(H14<-$B$4,"Perda real","Neutro")) -> Neutro | J14: PARCIAL: até set/2026. Resultado sensível ao reajuste de 2023 (B3) e ao método.
A16: Contagem de mandatos com ganho real (janela) | D16: =COUNTIF(I7:I14,"Ganho real") -> 1
A17: Contagem de mandatos com ganho real (calendário) | D17: =COUNTIF(F7:F14,">"&$B$4) -> 1

Sheet Dados_anuais
A1: Ano | B1: Mandato | C1: Governo | D1: Tipo (ACT/DC) | E1: Reajuste do salário-base | F1: INPC ano-calendário | G1: INPC janela ago–jul (ago do ano anterior a jul) | H1: Real — calendário | I1: Real — janela ago–jul | J1: Fator reajuste | K1: Fator INPC calendário | L1: Fator INPC janela | M1: Observação
A2: 1995 | B2: FHC 1 | C2: FHC | D2: ACT | E2: 0.0327 | F2: =INPC_mensal!D20/INPC_mensal!D8-1 -> 0.21981387 | G2: =INPC_mensal!D15/INPC_mensal!D3-1 -> 0.26837117 | H2: =(1+E2)/(1+F2)-1 -> -0.15339543 | I2: =(1+E2)/(1+G2)-1 -> -0.18580615 | J2: =1+E2 -> 1.0327 | K2: =1+F2 -> 1.2198139 | L2: =1+G2 -> 1.2683712 | M2: Data-base em dezembro (3,27% linear); janela ago–jul pouco representativa
A3: 1996 | B3: FHC 1 | C3: FHC | D3: DC | E3: 0.0956 | F3: =INPC_mensal!D32/INPC_mensal!D20-1 -> 0.091170506 | G3: =INPC_mensal!D27/INPC_mensal!D15-1 -> 0.14868483 | H3: =(1+E3)/(1+F3)-1 -> 0.0040593968 | I3: =(1+E3)/(1+G3)-1 -> -0.046213574 | J3: =1+E3 -> 1.0956 | K3: =1+F3 -> 1.0911705 | L3: =1+G3 -> 1.1486848 | M3: 9,56% pós-Plano Real (Dissídio Coletivo TST)
A4: 1997 | B4: FHC 1 | C4: FHC | D4: ACT | E4: 0.05 | F4: =INPC_mensal!D44/INPC_mensal!D32-1 -> 0.043401396 | G4: =INPC_mensal!D39/INPC_mensal!D27-1 -> 0.04851735 | H4: =(1+E4)/(1+F4)-1 -> 0.0063241276 | I4: =(1+E4)/(1+G4)-1 -> 0.0014140443 | J4: =1+E4 -> 1.05 | K4: =1+F4 -> 1.0434014 | L4: =1+G4 -> 1.0485174 | M4: 5% linear + abono fixo de R$ 200
A5: 1998 | B5: FHC 1 | C5: FHC | D5: ACT | E5: 0.02 | F5: =INPC_mensal!D56/INPC_mensal!D44-1 -> 0.02487306 | G5: =INPC_mensal!D51/INPC_mensal!D39-1 -> 0.040680258 | H5: =(1+E5)/(1+F5)-1 -> -0.0047547941 | I5: =(1+E5)/(1+G5)-1 -> -0.019871865 | J5: =1+E5 -> 1.02 | K5: =1+F5 -> 1.0248731 | L5: =1+G5 -> 1.0406803 | M5: 2% linear + abono de 60% do salário-base
A6: 1999 | B6: FHC 2 | C6: FHC | D6: ACT | E6: 0.02 | F6: =INPC_mensal!D68/INPC_mensal!D56-1 -> 0.084302608 | G6: =INPC_mensal!D63/INPC_mensal!D51-1 -> 0.041590357 | H6: =(1+E6)/(1+F6)-1 -> -0.059303195 | I6: =(1+E6)/(1+G6)-1 -> -0.020728262 | J6: =1+E6 -> 1.02 | K6: =1+F6 -> 1.0843026 | L6: =1+G6 -> 1.0415904 | M6: 2% linear + abono de 50% do salário-base
A7: 2000 | B7: FHC 2 | C7: FHC | D7: DC | E7: 0.03 | F7: =INPC_mensal!D80/INPC_mensal!D68-1 -> 0.052720091 | G7: =INPC_mensal!D75/INPC_mensal!D63-1 -> 0.062622775 | H7: =(1+E7)/(1+F7)-1 -> -0.021582272 | I7: =(1+E7)/(1+G7)-1 -> -0.030700241 | J7: =1+E7 -> 1.03 | K7: =1+F7 -> 1.0527201 | L7: =1+G7 -> 1.0626228 | M7: 3% linear + abono de 50% em Dissídio Coletivo
A8: 2001 | B8: FHC 2 | C8: FHC | D8: ACT | E8: 0.06 | F8: =INPC_mensal!D92/INPC_mensal!D80-1 -> 0.09441762 | G8: =INPC_mensal!D87/INPC_mensal!D75-1 -> 0.07757627 | H8: =(1+E8)/(1+F8)-1 -> -0.031448343 | I8: =(1+E8)/(1+G8)-1 -> -0.016310929 | J8: =1+E8 -> 1.06 | K8: =1+F8 -> 1.0944176 | L8: =1+G8 -> 1.0775763 | M8: 6% linear + abono de 70% do salário-base
A9: 2002 | B9: FHC 2 | C9: FHC | D9: ACT | E9: 0.04 | F9: =INPC_mensal!D104/INPC_mensal!D92-1 -> 0.14740015 | G9: =INPC_mensal!D99/INPC_mensal!D87-1 -> 0.090806478 | H9: =(1+E9)/(1+F9)-1 -> -0.09360305 | I9: =(1+E9)/(1+G9)-1 -> -0.046576986 | J9: =1+E9 -> 1.04 | K9: =1+F9 -> 1.1474002 | L9: =1+G9 -> 1.0908065 | M9: 4% linear + 1 referência salarial + abono R$ 1.000
A10: 2003 | B10: Lula 1 | C10: Lula | D10: ACT | E10: 0.06 | F10: =INPC_mensal!D116/INPC_mensal!D104-1 -> 0.10383893 | G10: =INPC_mensal!D111/INPC_mensal!D99-1 -> 0.18322651 | H10: =(1+E10)/(1+F10)-1 -> -0.039714972 | I10: =(1+E10)/(1+G10)-1 -> -0.10414448 | J10: =1+E10 -> 1.06 | K10: =1+F10 -> 1.1038389 | L10: =1+G10 -> 1.1832265 | M10: 6% linear + progressões na carreira (2 referências)
A11: 2004 | B11: Lula 1 | C11: Lula | D11: ACT | E11: 0.0681 | F11: =INPC_mensal!D128/INPC_mensal!D116-1 -> 0.06133216 | G11: =INPC_mensal!D123/INPC_mensal!D111-1 -> 0.06302928 | H11: =(1+E11)/(1+F11)-1 -> 0.0063767405 | I11: =(1+E11)/(1+G11)-1 -> 0.0047700661 | J11: =1+E11 -> 1.0681 | K11: =1+F11 -> 1.0613322 | L11: =1+G11 -> 1.0630293 | M11: 6,81% linear + 2 referências + abono R$ 400
A12: 2005 | B12: Lula 1 | C12: Lula | D12: ACT | E12: 0.0707 | F12: =INPC_mensal!D140/INPC_mensal!D128-1 -> 0.050473559 | G12: =INPC_mensal!D135/INPC_mensal!D123-1 -> 0.05539984 | H12: =(1+E12)/(1+F12)-1 -> 0.019254593 | I12: =(1+E12)/(1+G12)-1 -> 0.014497027 | J12: =1+E12 -> 1.0707 | K12: =1+F12 -> 1.0504736 | L12: =1+G12 -> 1.0553998 | M12: 7,07% linear + 5% condicionado em fev/2006
A13: 2006 | B13: Lula 1 | C13: Lula | D13: ACT | E13: 0 | F13: =INPC_mensal!D152/INPC_mensal!D140-1 -> 0.028134147 | G13: =INPC_mensal!D147/INPC_mensal!D135-1 -> 0.028749225 | H13: =(1+E13)/(1+F13)-1 -> -0.027364277 | I13: =(1+E13)/(1+G13)-1 -> -0.027945805 | J13: =1+E13 -> 1 | K13: =1+F13 -> 1.0281341 | L13: =1+G13 -> 1.0287492 | M13: Sem reajuste linear nominal (incorporação de benefícios)
A14: 2007 | B14: Lula 2 | C14: Lula | D14: ACT | E14: 0.0374 | F14: =INPC_mensal!D164/INPC_mensal!D152-1 -> 0.051557108 | G14: =INPC_mensal!D159/INPC_mensal!D147-1 -> 0.041867193 | H14: =(1+E14)/(1+F14)-1 -> -0.013462995 | I14: =(1+E14)/(1+G14)-1 -> -0.0042876796 | J14: =1+E14 -> 1.0374 | K14: =1+F14 -> 1.0515571 | L14: =1+G14 -> 1.0418672 | M14: 3,74% linear + R$ 60 fixo em janeiro de 2008
A15: 2008 | B15: Lula 2 | C15: Lula | D15: ACT | E15: 0.0737 | F15: =INPC_mensal!D176/INPC_mensal!D164-1 -> 0.064814479 | G15: =INPC_mensal!D171/INPC_mensal!D159-1 -> 0.075565812 | H15: =(1+E15)/(1+F15)-1 -> 0.0083446659 | I15: =(1+E15)/(1+G15)-1 -> -0.0017347257 | J15: =1+E15 -> 1.0737 | K15: =1+F15 -> 1.0648145 | L15: =1+G15 -> 1.0755658 | M15: 7,37% linear geral
A16: 2009 | B16: Lula 2 | C16: Lula | D16: ACT | E16: 0.09 | F16: =INPC_mensal!D188/INPC_mensal!D176-1 -> 0.041137851 | G16: =INPC_mensal!D183/INPC_mensal!D171-1 -> 0.045715351 | H16: =(1+E16)/(1+F16)-1 -> 0.046931488 | I16: =(1+E16)/(1+G16)-1 -> 0.042348665 | J16: =1+E16 -> 1.09 | K16: =1+F16 -> 1.0411379 | L16: =1+G16 -> 1.0457154 | M16: 9% linear + R$ 100 fixo em jan/2010 + cláusula IPCA
A17: 2010 | B17: Lula 2 | C17: Lula | D17: ACT | E17: 0 | F17: =INPC_mensal!D200/INPC_mensal!D188-1 -> 0.064652017 | G17: =INPC_mensal!D195/INPC_mensal!D183-1 -> 0.044419544 | H17: =(1+E17)/(1+F17)-1 -> -0.060725961 | I17: =(1+E17)/(1+G17)-1 -> -0.042530364 | J17: =1+E17 -> 1 | K17: =1+F17 -> 1.064652 | L17: =1+G17 -> 1.0444195 | M17: Aumento linear de R$ 100 fixado no acordo anterior
A18: 2011 | B18: Dilma 1 | C18: Dilma | D18: DC | E18: 0.0687 | F18: =INPC_mensal!D212/INPC_mensal!D200-1 -> 0.060798942 | G18: =INPC_mensal!D207/INPC_mensal!D195-1 -> 0.068705432 | H18: =(1+E18)/(1+F18)-1 -> 0.0074482149 | I18: =(1+E18)/(1+G18)-1 -> -5.0828344e-06 | J18: =1+E18 -> 1.0687 | K18: =1+F18 -> 1.0607989 | L18: =1+G18 -> 1.0687054 | M18: 6,87% linear + R$ 60 fixo em jan/2012 (Dissídio)
A19: 2012 | B19: Dilma 1 | C19: Dilma | D19: DC | E19: 0.065 | F19: =INPC_mensal!D224/INPC_mensal!D212-1 -> 0.061977848 | G19: =INPC_mensal!D219/INPC_mensal!D207-1 -> 0.053561824 | H19: =(1+E19)/(1+F19)-1 -> 0.002845777 | I19: =(1+E19)/(1+G19)-1 -> 0.010856673 | J19: =1+E19 -> 1.065 | K19: =1+F19 -> 1.0619778 | L19: =1+G19 -> 1.0535618 | M19: 6,5% linear + reajustes em benefícios (Dissídio)
A20: 2013 | B20: Dilma 1 | C20: Dilma | D20: DC | E20: 0.08 | F20: =INPC_mensal!D236/INPC_mensal!D224-1 -> 0.055626637 | G20: =INPC_mensal!D231/INPC_mensal!D219-1 -> 0.06375129 | H20: =(1+E20)/(1+F20)-1 -> 0.023089 | I20: =(1+E20)/(1+G20)-1 -> 0.015274914 | J20: =1+E20 -> 1.08 | K20: =1+F20 -> 1.0556266 | L20: =1+G20 -> 1.0637513 | M20: 8% linear + 6,27% em benefícios pós-greve
A21: 2014 | B21: Dilma 1 | C21: Dilma | D21: ACT | E21: 0.065 | F21: =INPC_mensal!D248/INPC_mensal!D236-1 -> 0.062282692 | G21: =INPC_mensal!D243/INPC_mensal!D231-1 -> 0.063335034 | H21: =(1+E21)/(1+F21)-1 -> 0.0025579894 | I21: =(1+E21)/(1+G21)-1 -> 0.0015657964 | J21: =1+E21 -> 1.065 | K21: =1+F21 -> 1.0622827 | L21: =1+G21 -> 1.063335 | M21: 6,5% na referência salarial (GIP) + incorporações
A22: 2015 | B22: Dilma 2/Temer | C22: Dilma | D22: ACT | E22: 0 | F22: =INPC_mensal!D260/INPC_mensal!D248-1 -> 0.11276166 | G22: =INPC_mensal!D255/INPC_mensal!D243-1 -> 0.098052299 | H22: =(1+E22)/(1+F22)-1 -> -0.10133496 | I22: =(1+E22)/(1+G22)-1 -> -0.089296565 | J22: =1+E22 -> 1 | K22: =1+F22 -> 1.1127617 | L22: =1+G22 -> 1.0980523 | M22: Sem reajuste linear na tabela salarial básica
A23: 2016 | B23: Dilma 2/Temer | C23: Temer | D23: ACT | E23: 0.09 | F23: =INPC_mensal!D272/INPC_mensal!D260-1 -> 0.065799636 | G23: =INPC_mensal!D267/INPC_mensal!D255-1 -> 0.095582457 | H23: =(1+E23)/(1+F23)-1 -> 0.022706298 | I23: =(1+E23)/(1+G23)-1 -> -0.0050954236 | J23: =1+E23 -> 1.09 | K23: =1+F23 -> 1.0657996 | L23: =1+G23 -> 1.0955825 | M23: 9% parcelado (6% em ago/2016 + 3% em fev/2017)
A24: 2017 | B24: Dilma 2/Temer | C24: Temer | D24: ACT | E24: 0.0207 | F24: =INPC_mensal!D284/INPC_mensal!D272-1 -> 0.02066931 | G24: =INPC_mensal!D279/INPC_mensal!D267-1 -> 0.02077557 | H24: =(1+E24)/(1+F24)-1 -> 3.0068854e-05 | I24: =(1+E24)/(1+G24)-1 -> -7.4031984e-05 | J24: =1+E24 -> 1.0207 | K24: =1+F24 -> 1.0206693 | L24: =1+G24 -> 1.0207756 | M24: 2,07% linear com pagamento retroativo
A25: 2018 | B25: Dilma 2/Temer | C25: Temer | D25: ACT | E25: 0.0361 | F25: =INPC_mensal!D296/INPC_mensal!D284-1 -> 0.034339539 | G25: =INPC_mensal!D291/INPC_mensal!D279-1 -> 0.036104274 | H25: =(1+E25)/(1+F25)-1 -> 0.0017020149 | I25: =(1+E25)/(1+G25)-1 -> -4.1255326e-06 | J25: =1+E25 -> 1.0361 | K25: =1+F25 -> 1.0343395 | L25: =1+G25 -> 1.0361043 | M25: 3,61% linear baseado integralmente no INPC
A26: 2019 | B26: Bolsonaro | C26: Bolsonaro | D26: DC | E26: 0.03 | F26: =INPC_mensal!D308/INPC_mensal!D296-1 -> 0.044815887 | G26: =INPC_mensal!D303/INPC_mensal!D291-1 -> 0.031602458 | H26: =(1+E26)/(1+F26)-1 -> -0.01418038 | I26: =(1+E26)/(1+G26)-1 -> -0.0015533682 | J26: =1+E26 -> 1.03 | K26: =1+F26 -> 1.0448159 | L26: =1+G26 -> 1.0316025 | M26: 3% linear determinado por julgamento do TST
A27: 2020 | B27: Bolsonaro | C27: Bolsonaro | D27: DC | E27: 0.026 | F27: =INPC_mensal!D320/INPC_mensal!D308-1 -> 0.054473253 | G27: =INPC_mensal!D315/INPC_mensal!D303-1 -> 0.0269425 | H27: =(1+E27)/(1+F27)-1 -> -0.027002347 | I27: =(1+E27)/(1+G27)-1 -> -0.00091777333 | J27: =1+E27 -> 1.026 | K27: =1+F27 -> 1.0544733 | L27: =1+G27 -> 1.0269425 | M27: 2,6% linear fixado pelo TST (DC 1001203-57.2020)
A28: 2021 | B28: Bolsonaro | C28: Bolsonaro | D28: DC | E28: 0.0975 | F28: =INPC_mensal!D332/INPC_mensal!D320-1 -> 0.10160178 | G28: =INPC_mensal!D327/INPC_mensal!D315-1 -> 0.098526472 | H28: =(1+E28)/(1+F28)-1 -> -0.003723466 | I28: =(1+E28)/(1+G28)-1 -> -0.00093440779 | J28: =1+E28 -> 1.0975 | K28: =1+F28 -> 1.1016018 | L28: =1+G28 -> 1.0985265 | M28: 9,75% linear concedido via Dissídio Coletivo pelo TST
A29: 2022 | B29: Bolsonaro | C29: Bolsonaro | D29: ACT | E29: 0.1012 | F29: =INPC_mensal!D344/INPC_mensal!D332-1 -> 0.059323563 | G29: =INPC_mensal!D339/INPC_mensal!D327-1 -> 0.10124804 | H29: =(1+E29)/(1+F29)-1 -> 0.0395313 | I29: =(1+E29)/(1+G29)-1 -> -4.362774e-05 | J29: =1+E29 -> 1.1012 | K29: =1+F29 -> 1.0593236 | L29: =1+G29 -> 1.101248 | M29: 10,12% linear (reposição integral do INPC) + reconquista de benefícios
A30: 2023 | B30: Lula 3 | C30: Lula | D30: ACT | E30: =Mandatos!$B$3 -> 0.0318 | F30: =INPC_mensal!D356/INPC_mensal!D344-1 -> 0.037069875 | G30: =INPC_mensal!D351/INPC_mensal!D339-1 -> 0.035274227 | H30: =(1+E30)/(1+F30)-1 -> -0.0050815046 | I30: =(1+E30)/(1+G30)-1 -> -0.0033558524 | J30: =1+E30 -> 1.0318 | K30: =1+F30 -> 1.0370699 | L30: =1+G30 -> 1.0352742 | M30: Reajuste vem do parâmetro Mandatos!B3 (3,18% no JSON do site; 3,53% no DIEESE)
A31: 2024 | B31: Lula 3 | C31: Lula | D31: ACT | E31: 0.0435 | F31: =INPC_mensal!D368/INPC_mensal!D356-1 -> 0.047679381 | G31: =INPC_mensal!D363/INPC_mensal!D351-1 -> 0.040609526 | H31: =(1+E31)/(1+F31)-1 -> -0.0039891793 | I31: =(1+E31)/(1+G31)-1 -> 0.0027776739 | J31: =1+E31 -> 1.0435 | K31: =1+F31 -> 1.0476794 | L31: =1+G31 -> 1.0406095 | M31: 4,35% linear (INPC 4,77% — 91% do índice) em salários e benefícios
A32: 2025 | B32: Lula 3 | C32: Lula | D32: DC | E32: 0.051 | F32: =INPC_mensal!D380/INPC_mensal!D368-1 -> 0.038978665 | G32: =INPC_mensal!D375/INPC_mensal!D363-1 -> 0.05127976 | H32: =(1+E32)/(1+F32)-1 -> 0.011570339 | I32: =(1+E32)/(1+G32)-1 -> -0.00026611341 | J32: =1+E32 -> 1.051 | K32: =1+F32 -> 1.0389787 | L32: =1+G32 -> 1.0512798 | M32: Reajuste 5,10% (TST, dez/2025); no JSON do site o IPCA/INPC de 2025 estava copiado do reajuste
A33: 2026 | B33: Lula 3 | C33: Lula | D33: DC | E33: 0.0409 | F33: =INPC_mensal!D389/INPC_mensal!D380-1 -> 0.040126585 | G33: =INPC_mensal!D387/INPC_mensal!D375-1 -> 0.040980458 | H33: =(1+E33)/(1+F33)-1 -> 0.00074357755 | I33: =(1+E33)/(1+G33)-1 -> -7.7290756e-05 | J33: =1+E33 -> 1.0409 | K33: =1+F33 -> 1.0401266 | L33: =1+G33 -> 1.0409805 | M33: PARCIAL: INPC calendário só até set/2026; reajuste de 4,09% (TST) retroativo a ago/2026
A35: Reajuste = só salário-base (campo reajuste_pct do JSON do site). Abonos e valores fixos (ex.: 1997–2002) NÃO entram. Real = (1+reajuste)/(1+INPC)−1.
A36: Premissa da coluna "janela": data-base em agosto em todos os anos. Verificada só para 2021–2026; 1995 era dezembro. Tratar como exploratória até conferir os ACT/DC.

Sheet INPC_mensal
A1: Ano | B1: Mês | C1: INPC no mês (%) | D1: Índice INPC (jun/1994 = 100)
A2: 1994 | B2: 6 | D2: 100
A3: 1994 | B3: 7 | C3: 0.0775 | D3: =D2*(1+C3) -> 107.75
A4: 1994 | B4: 8 | C4: 0.0185 | D4: =D3*(1+C4) -> 109.74338
A5: 1994 | B5: 9 | C5: 0.014 | D5: =D4*(1+C5) -> 111.27978
A6: 1994 | B6: 10 | C6: 0.0282 | D6: =D5*(1+C6) -> 114.41787
A7: 1994 | B7: 11 | C7: 0.0296 | D7: =D6*(1+C7) -> 117.80464
A8: 1994 | B8: 12 | C8: 0.017 | D8: =D7*(1+C8) -> 119.80732
A9: 1995 | B9: 1 | C9: 0.0144 | D9: =D8*(1+C9) -> 121.53255
A10: 1995 | B10: 2 | C10: 0.0101 | D10: =D9*(1+C10) -> 122.76002
A11: 1995 | B11: 3 | C11: 0.0162 | D11: =D10*(1+C11) -> 124.74874
A12: 1995 | B12: 4 | C12: 0.0249 | D12: =D11*(1+C12) -> 127.85498
A13: 1995 | B13: 5 | C13: 0.021 | D13: =D12*(1+C13) -> 130.53993
A14: 1995 | B14: 6 | C14: 0.0218 | D14: =D13*(1+C14) -> 133.38571
... A389: 2026 | B389: 9 | C389: 0.0082 | D389: =D388*(1+C389) -> 916.53661
A391: Fonte: série mensal do INPC (IBGE) transcrita de numerando.com.br (fonte secundária), jul/1994 a set/2026. Conferida contra 3 pontos independentes (aba Validacao_Notas). Confirmar no SIDRA/BCB (SGS 188) antes de publicar.

Sheet IPCA
A1: Ano | B1: IPCA oficial (IBGE) | C1: IPCA no JSON do site | D1: Diferença (p.p.) | E1: IPCA acumulado oficial (jan/95 = 100 → fim do ano) | F1: Acumulado no site | G1: Diferença (pontos) | H1: Reajuste (salário-base) | I1: Índice nominal do salário | J1: Poder de compra recalculado (IPCA oficial) | K1: Poder de compra no site | L1: Diferença
A2: 1995 | B2: 0.2241 | C2: 0.2241 | D2: =(C2-B2)*100 -> 0 | E2: =100*(1+B2) -> 122.41 | F2: 122.41 | G2: =E2-F2 -> 0 | H2: =Dados_anuais!E2 -> 0.0327 | I2: =100*(1+H2) -> 103.27 | J2: =I2/E2*100 -> 84.364023 | K2: 84.36 | L2: =J2-K2 -> 0.0040225472
A3: 1996 | B3: 0.0956 | C3: 0.0956 | D3: =(C3-B3)*100 -> 0 | E3: =E2*(1+B3) -> 134.1124 | F3: 134.11 | G3: =E3-F3 -> 0.002396 | H3: =Dados_anuais!E3 -> 0.0956 | I3: =I2*(1+H3) -> 113.14261 | J3: =I3/E3*100 -> 84.364023 | K3: 84.36 | L3: =J3-K3 -> 0.0040225472
A4: 1997 | B4: 0.0522 | C4: 0.0522 | D4: =(C4-B4)*100 -> 0 | E4: =E3*(1+B4) -> 141.11306 | F4: 141.11 | G4: =E4-F4 -> 0.0030630712 | H4: =Dados_anuais!E4 -> 0.05 | I4: =I3*(1+H4) -> 118.79974 | J4: =I4/E4*100 -> 84.187629 | K4: 84.19 | L4: =J4-K4 -> -0.0023705811
A5: 1998 | B5: 0.0165 | C5: 0.0165 | D5: =(C5-B5)*100 -> 0 | E5: =E4*(1+B5) -> 143.44143 | F5: 143.44 | G5: =E5-F5 -> 0.0014286119 | H5: =Dados_anuais!E5 -> 0.02 | I5: =I4*(1+H5) -> 121.17574 | J5: =I5/E5*100 -> 84.477503 | K5: 84.48 | L5: =J5-K5 -> -0.0024967956
A6: 1999 | B6: 0.0894 | C6: 0.0894 | D6: =(C6-B6)*100 -> 0 | E6: =E5*(1+B6) -> 156.26509 | F6: 156.27 | G6: =E6-F6 -> -0.0049076702 | H6: =Dados_anuais!E6 -> 0.02 | I6: =I5*(1+H6) -> 123.59925 | J6: =I6/E6*100 -> 79.095881 | K6: 79.1 | L6: =J6-K6 -> -0.0041185345
A7: 2000 | B7: 0.0597 | C7: 0.0597 | D7: =(C7-B7)*100 -> 0 | E7: =E6*(1+B7) -> 165.59412 | F7: 165.59 | G7: =E7-F7 -> 0.0041183419 | H7: =Dados_anuais!E7 -> 0.03 | I7: =I6*(1+H7) -> 127.30723 | J7: =I7/E7*100 -> 76.879077 | K7: 76.88 | L7: =J7-K7 -> -0.00092298819
A8: 2001 | B8: 0.0767 | C8: 0.0767 | D8: =(C8-B8)*100 -> 0 | E8: =E7*(1+B8) -> 178.29519 | F8: 178.3 | G8: =E8-F8 -> -0.0048127813 | H8: =Dados_anuais!E8 -> 0.06 | I8: =I7*(1+H8) -> 134.94566 | J8: =I8/E8*100 -> 75.686655 | K8: 75.69 | L8: =J8-K8 -> -0.0033448198
A9: 2002 | B9: 0.1253 | C9: 0.1253 | D9: =(C9-B9)*100 -> 0 | E9: =E8*(1+B9) -> 200.63557 | F9: 200.64 | G9: =E9-F9 -> -0.0044258228 | H9: =Dados_anuais!E9 -> 0.04 | I9: =I8*(1+H9) -> 140.34349 | J9: =I9/E9*100 -> 69.949455 | K9: 69.95 | L9: =J9-K9 -> -0.00054528801
A10: 2003 | B10: 0.093 | C10: 0.093 | D10: =(C10-B10)*100 -> 0 | E10: =E9*(1+B10) -> 219.29468 | F10: 219.29 | G10: =E10-F10 -> 0.0046825757 | H10: =Dados_anuais!E10 -> 0.06 | I10: =I9*(1+H10) -> 148.7641 | J10: =I10/E10*100 -> 67.837532 | K10: 67.84 | L10: =J10-K10 -> -0.0024684403
A11: 2004 | B11: 0.076 | C11: 0.076 | D11: =(C11-B11)*100 -> 0 | E11: =E10*(1+B11) -> 235.96108 | F11: 235.96 | G11: =E11-F11 -> 0.0010784514 | H11: =Dados_anuais!E11 -> 0.0681 | I11: =I10*(1+H11) -> 158.89493 | J11: =I11/E11*100 -> 67.339468 | K11: 67.34 | L11: =J11-K11 -> -0.00053210141
A12: 2005 | B12: 0.0569 | C12: 0.0569 | D12: =(C12-B12)*100 -> 0 | E12: =E11*(1+B12) -> 249.38726 | F12: 249.39 | G12: =E12-F12 -> -0.0027361847 | H12: =Dados_anuais!E12 -> 0.0707 | I12: =I11*(1+H12) -> 170.12881 | J12: =I12/E12*100 -> 68.218723 | K12: 68.22 | L12: =J12-K12 -> -0.0012770565
A13: 2006 | B13: 0.0314 | C13: 0.0314 | D13: =(C13-B13)*100 -> 0 | E13: =E12*(1+B13) -> 257.21802 | F13: 257.22 | G13: =E13-F13 -> -0.0019761009 | H13: =Dados_anuais!E13 -> 0 | I13: =I12*(1+H13) -> 170.12881 | J13: =I13/E13*100 -> 66.141868 | K13: 66.14 | L13: =J13-K13 -> 0.0018682796
A14: 2007 | B14: 0.0446 | C14: 0.0446 | D14: =(C14-B14)*100 -> 0 | E14: =E13*(1+B14) -> 268.68995 | F14: 268.69 | G14: =E14-F14 -> -5.2234999e-05 | H14: =Dados_anuais!E14 -> 0.0374 | I14: =I13*(1+H14) -> 176.49162 | J14: =I14/E14*100 -> 65.685979 | K14: 65.69 | L14: =J14-K14 -> -0.0040205311
... A33: 2026 | B33: 0.0395 | C33: 0.0409 | D33: =(C33-B33)*100 -> 0.14 | E33: =E32*(1+B33) -> 757.02096 | F33: 764.15 | G33: =E33-F33 -> -7.1290407 | H33: =Dados_anuais!E33 -> 0.0409 | I33: =I32*(1+H33) -> 468.91447 | J33: =I33/E33*100 -> 61.942072 | K33: 61.36 | L33: =J33-K33 -> 0.58207245
A35: IPCA 2026 = parcial (jan–set). Fonte do IPCA anual: IBGE (tabela anual 1995–2025; 2025 = 4,26%). Fontes dos valores "no site": data/financeiro.json do repositório (commit 7a6872a).
A36: Diferenças esperadas só em 2025 e 2026 (IPCA copiado do reajuste no JSON). Esta aba usa o método do site (reajuste × IPCA do ano-calendário); o método recomendado é o INPC por janela (aba Mandatos).

Sheet Abonos
A1: Abonos e valores fixos citados nas observações do site (fora do reajuste do salário-base)
A2: Texto copiado de data/financeiro.json. Valores em R$ e incorporação ao salário NÃO foram verificados nos ACT/DC; preencher as colunas amarelas.
A4: Ano | B4: Reajuste linear (%) | C4: Descrição no site | D4: Incorporado ao salário-base? | E4: Valor do abono (R$) — preencher | F4: Salário-base na época (R$) — preencher | G4: Abono em % do salário (fórmula) | H4: Observação
A5: 1997 | B5: 0.05 | C5: 5% linear + abono fixo de R$ 200 | D5: A confirmar no ACT/DC | G5: =IF(AND(ISNUMBER(E5),ISNUMBER(F5),F5>0),E5/F5,"")
A6: 1998 | B6: 0.02 | C6: 2% linear + abono de 60% do salário-base | D6: A confirmar no ACT/DC | G6: =IF(AND(ISNUMBER(E6),ISNUMBER(F6),F6>0),E6/F6,"")
A7: 1999 | B7: 0.02 | C7: 2% linear + abono de 50% do salário-base | D7: A confirmar no ACT/DC | G7: =IF(AND(ISNUMBER(E7),ISNUMBER(F7),F7>0),E7/F7,"")
A8: 2000 | B8: 0.03 | C8: 3% linear + abono de 50% em Dissídio Coletivo | D8: A confirmar no ACT/DC | G8: =IF(AND(ISNUMBER(E8),ISNUMBER(F8),F8>0),E8/F8,"")
A9: 2001 | B9: 0.06 | C9: 6% linear + abono de 70% do salário-base | D9: A confirmar no ACT/DC | G9: =IF(AND(ISNUMBER(E9),ISNUMBER(F9),F9>0),E9/F9,"")
A10: 2002 | B10: 0.04 | C10: 4% linear + 1 referência salarial + abono R$ 1.000 | D10: A confirmar no ACT/DC | G10: =IF(AND(ISNUMBER(E10),ISNUMBER(F10),F10>0),E10/F10,"")
A11: 2004 | B11: 0.0681 | C11: 6,81% linear + 2 referências + abono R$ 400 | D11: A confirmar no ACT/DC | G11: =IF(AND(ISNUMBER(E11),ISNUMBER(F11),F11>0),E11/F11,"")
A12: 2007 | B12: 0.0374 | C12: 3,74% linear + R$ 60 fixo em janeiro de 2008 | D12: A confirmar no ACT/DC | G12: =IF(AND(ISNUMBER(E12),ISNUMBER(F12),F12>0),E12/F12,"")
A13: 2009 | B13: 0.09 | C13: 9% linear + R$ 100 fixo em jan/2010 + cláusula IPCA | D13: A confirmar no ACT/DC | G13: =IF(AND(ISNUMBER(E13),ISNUMBER(F13),F13>0),E13/F13,"")
A14: 2011 | B14: 0.0687 | C14: 6,87% linear + R$ 60 fixo em jan/2012 (Dissídio) | D14: A confirmar no ACT/DC | G14: =IF(AND(ISNUMBER(E14),ISNUMBER(F14),F14>0),E14/F14,"")
A16: Leitura: abono pago uma vez não entra na base de cálculo dos reajustes seguintes (o salário-base seguinte parte do valor sem ele). Isso é verificável com os valores acima; a intenção da política não é inferida pelos dados.

Sheet Validacao_Notas
A1: Validação da série e notas
A3: Teste | B3: Valor calculado | C3: Valor de referência | D3: Diferença (p.p.) | E3: Resultado | F3: Fonte da referência
A4: INPC janela ago/21–jul/22 (reajuste 2022) | B4: =Dados_anuais!G29 -> 0.10124804 | C4: 0.1012 | D4: =(B4-C4)*100 -> 0.0048044963 | E4: =IF(ABS(D4)<=0.015,"OK","REVISAR") -> OK | F4: CUT, 01/09/2022: reajuste de 100% do INPC (10,12%)
A5: INPC janela ago/22–jul/23 (reajuste 2023) | B5: =Dados_anuais!G30 -> 0.035274227 | C5: 0.0353 | D5: =(B5-C5)*100 -> -0.0025772503 | E5: =IF(ABS(D5)<=0.015,"OK","REVISAR") -> OK | F5: DIEESE, análise do ACT 2023: INPC de 3,53%
A6: INPC janela ago/25–jul/26 (reajuste 2026) | B6: =Dados_anuais!G33 -> 0.040980458 | C6: 0.041 | D6: =(B6-C6)*100 -> -0.0019541834 | E6: =IF(ABS(D6)<=0.015,"OK","REVISAR") -> OK | F6: FINDECT, 18/08/2026: INPC acumulado de 4,10%
A7: INPC calendário 2025 | B7: =Dados_anuais!F32 -> 0.038978665 | C7: 0.039 | D7: =(B7-C7)*100 -> -0.002133514 | E7: =IF(ABS(D7)<=0.015,"OK","REVISAR") -> OK | F7: IBGE (agência de notícias): INPC 2025 = 3,90%
A9: INPC calendário 1995–2025: máx. |recalculado − tabela publicada| (p.p.) | B9: =MAX(ABS(Dados_anuais!F2-0.2198),ABS(Dados_anuais!F3-0.0912),ABS(Dados_anuais!F4-0.0434),ABS(Dados_anuais!F5-0.0249),ABS(Dados_anuais!F6-0.0843),ABS(Dados_anuais!F7-0.0527),ABS(Dados_anuais!F8-0.0944),ABS(Dados_anuais!F9-0.1474),ABS(Dados_anuais!F10-0.1038),ABS(Dados_anuais!F11-0.0613),ABS(Dados_anuais!F12-0.0505),ABS(Dados_anuais!F13-0.0281),ABS(Dados_anuais!F14-0.0516),ABS(Dados_anuais!F15-0.0648),ABS(Dados_anuais!F16-0.0411),ABS(Dados_anuais!F17-0.0647),ABS(Dados_anuais!F18-0.0608),ABS(Dados_anuais!F19-0.062),ABS(Dados_anuais!F20-0.0556),ABS(Dados_anuais!F21-0.0623),ABS(Dados_anuais!F22-0.1128),ABS(Dados_anuais!F23-0.0658),ABS(Dados_anuais!F24-0.0207),ABS(Dados_anuais!F25-0.0343),ABS(Dados_anuais!F26-0.0448),ABS(Dados_anuais!F27-0.0545),ABS(Dados_anuais!F28-0.1016),ABS(Dados_anuais!F29-0.0593),ABS(Dados_anuais!F30-0.0371),ABS(Dados_anuais!F31-0.0477),ABS(Dados_anuais!F32-0.039))*100 -> 0.0047983202 | E9: =IF(B9<=0.006,"OK","REVISAR") -> OK | F9: Tabela anual publicada em numerando.com.br (valores arredondados a 2 casas)
A11: LEGENDA DE CORES: azul = dado de entrada/premissa; preto = fórmula; verde = ligação com outra aba; fundo amarelo = célula que você pode editar (Mandatos!B3 e B4).
A12: CUIDADO 1 — Abonos: o reajuste usado é só do salário-base. Em 1997–2002 houve abonos (60%, 50%, 70%, R$ 1.000). O resultado de FHC 1 e FHC 2 não os inclui.
A13: CUIDADO 2 — 2026 é parcial: reajuste de ago/2026 comparado ao INPC de jan–set (calendário) ou ago/25–jul/26 (janela).
A14: CUIDADO 3 — Janela ago–jul assume data-base em agosto em todos os anos; confirmada só para 2021–2026. 1995 teve data-base em dezembro.
A15: CUIDADO 4 — "Dilma 2/Temer" agrupa dois governos; separar exigiria cortar o ano de 2016.
A16: CUIDADO 5 — Reajuste de 2023: 3,18% (JSON do site) ou 3,53% (DIEESE). Define se o Lula 3 fica ligeiramente acima ou abaixo de zero.
A17: CUIDADO 6 — Fonte da série mensal: site secundário (numerando.com.br). Confirmar no IBGE/SIDRA ou BCB SGS 188 antes de publicar.
A18: LEITURA: os números descrevem diferença entre reajuste e inflação. Interpretações causais (crise, pandemia, política) não derivam desta planilha.
A19: PRÓXIMOS PASSOS: (1) confirmar datas-base e reajuste de 2023 nos ACT/DC; (2) gerar data/inflacao.json a partir desta base; (3) substituir o gráfico "Ganhos e Perdas por Governo" pela tabela de mandatos.
